PRAGMA foreign_keys=OFF;
BEGIN TRANSACTION;
CREATE TABLE BLOCKS(BLOCKID INTEGER PRIMARY KEY AUTOINCREMENT, TITLE CHAR(50) NOT NULL, CREATED DATETIME NOT NULL, TYPE INTEGER NOT NULL);
INSERT INTO BLOCKS VALUES(1,'Root','2021-04-28 02:08:59',1);
INSERT INTO BLOCKS VALUES(2,'Child category','2021-04-28 02:09:22',0);
INSERT INTO BLOCKS VALUES(3,'This Is Another Child Category','2021-04-28 02:09:24',0);
INSERT INTO BLOCKS VALUES(4,'Grandchild of root','2021-05-03 19:41:48',0);
CREATE TABLE ROLES(ROLEID INTEGER PRIMARY KEY AUTOINCREMENT, NAME VARCHAR(10) NOT NULL);
INSERT INTO ROLES VALUES(1,'USER');
INSERT INTO ROLES VALUES(2,'ADMIN');
CREATE TABLE CATEGORIES(CATEGORYID INTEGER PRIMARY KEY AUTOINCREMENT, CATEGORYTEXT VARCHAR(500) NOT NULL, PARENT INTEGER NOT NULL, CREATED DATETIME NOT NULL);
INSERT INTO CATEGORIES VALUES(1,'/',-1,'2021-04-28 02:19:25');
INSERT INTO CATEGORIES VALUES(2,'/child',1,'2021-04-28 02:19:47');
INSERT INTO CATEGORIES VALUES(3,'/anotherchild',1,'2021-04-28 02:20:01');
INSERT INTO CATEGORIES VALUES(4,'/child/grandchild',2,'2021-05-03 19:27:56');
CREATE TABLE BLOCKS_CATEGORIES (BCID INTEGER PRIMARY KEY AUTOINCREMENT, CATEGORYID INTEGER NOT NULL, BLOCKID INTEGER NOT NULL, FOREIGN KEY (BLOCKID) REFERENCES BLOCKS(BLOCKID) FOREIGN KEY (CATEGORYID) REFERENCES CATEGORIES(CATEGORYID));
INSERT INTO BLOCKS_CATEGORIES VALUES(1,1,1);
INSERT INTO BLOCKS_CATEGORIES VALUES(2,2,2);
INSERT INTO BLOCKS_CATEGORIES VALUES(3,3,3);
INSERT INTO BLOCKS_CATEGORIES VALUES(6,4,4);
CREATE TABLE REVISIONS(REVISIONID INTEGER PRIMARY KEY AUTOINCREMENT, TEXT VARCHAR(1000), BLOCKID INTEGER NOT NULL, CREATED DATETIME NOT NULL, USERID INTEGER NOT NULL, status integer not null default 0);
INSERT INTO REVISIONS VALUES(1,'This is the root',1,'2021-04-28 02:34:36',1,0);
INSERT INTO REVISIONS VALUES(2,'this is the child',2,'2021-04-28 02:34:36',1,1);
INSERT INTO REVISIONS VALUES(3,'another child',3,'2021-04-28 02:34:36',2,0);
INSERT INTO REVISIONS VALUES(4,'this is the grandchild',4,'2021-05-03 21:43:00',1,0);
INSERT INTO REVISIONS VALUES(27,'ralphwiggums',2,1620628320984,2,1);
INSERT INTO REVISIONS VALUES(28,'',61,'2021-05-11 05:16:39',2,0);
INSERT INTO REVISIONS VALUES(35,'this is the child edit',2,'2021-05-20 23:12:08',2,1);
INSERT INTO REVISIONS VALUES(36,'testing',2,'2021-05-20 23:27:02',2,1);
INSERT INTO REVISIONS VALUES(37,replace('testing\n111','\n',char(10)),2,'2021-05-21 00:19:17',1,1);
INSERT INTO REVISIONS VALUES(38,'OK',2,'2021-05-28 05:08:36',6,1);
INSERT INTO REVISIONS VALUES(39,'OK __/foo__',2,'2021-05-28 06:45:23',6,1);
INSERT INTO REVISIONS VALUES(40,'OK __/foo__',2,'2021-05-28 06:46:29',6,1);
INSERT INTO REVISIONS VALUES(41,' __/foo__ Lorem [b]Ipsum[/b] is [i]simply[/i] dummy text of the printing and typesetting industry. Lorem Ipsum has been the industrys standard dummy text ever since the 1500s, when an unknown printer took a galley of type and scrambled it to make a type specimen book. It has survived not only five centuries, but also the leap into electronic typesetting, remaining essentially unchanged. It was popularised in the 1960s with the release of Letraset sheets containing Lorem Ipsum passages, and more recently with desktop publishing software like Aldus PageMaker including versions of Lorem Ipsum.',2,'2021-05-29 02:55:19',6,1);
INSERT INTO REVISIONS VALUES(47,' __/foo__ Lorem [b]Ipsum[/b] is [i]simply[/i] dummy text of the printing and typesetting industry. Lorem Ipsum has been the industrys standard dummy text ever since the 1500s, when an unknown printer took a galley of type ',2,'2021-05-31 05:14:38',6,1);
INSERT INTO REVISIONS VALUES(48,' __/foo__ Lorem [b]Ipsum[/b] is [i]simply[/i] dummy text of the printing and typesetting industry. Lorem Ipsum has been the industrys standard dummy text ever since the 1500s, when an unknown printer took a galley of type ',2,'2021-05-31 06:04:27',6,1);
INSERT INTO REVISIONS VALUES(55,' __/foo__ Lorem [b]Ipsum[/b] is [i]simply[/i] dummy text of the printing and typesetting industry. Lorem Ipsum has been the industrys standard dummy text ever since the 1500s, when an unknown printer took a [i]galley of type[/i] ',2,'2021-05-31 07:30:07',6,1);
INSERT INTO REVISIONS VALUES(56,' __/foo__ Lorem [b]Ipsum[/b] is [i]simply[/i] dummy text of the printing and typesetting industry. Lorem Ipsum has been the industrys standard dummy text ever since the 1500s, when an unknown printer took a [i]galley of type[/i] test',2,'2021-05-31 07:34:26',6,1);
INSERT INTO REVISIONS VALUES(57,' __/foo__ Lorem [b]Ipsum[/b] is [i]simply[/i] dummy text of the printing and typesetting industry. Lorem Ipsum has been the industrys standard dummy text ever since the 1500s, when an unknown printer took a [i]galley of type[/i] test add',2,'2021-06-01 01:19:16',6,1);
INSERT INTO REVISIONS VALUES(271,' __/foo__ Lorem [b]Ipsum[/b] is [i]simply[/i] dummy text of the printing and typesetting industry. Lorem Ipsum has been the industrys standard dummy text ever since the 1500s, when an unknown printer took a [i]galley of type[/i] test add foo',2,'2021-06-02 04:03:19',6,0);
CREATE TABLE RATINGS (RATINGID INTEGER PRIMARY KEY AUTOINCREMENT, ENTITYID INTEGER NOT NULL, RATING INTEGER NOT NULL, TYPE INTEGER);
INSERT INTO RATINGS VALUES(1,1,4,1);
INSERT INTO RATINGS VALUES(2,2,3,1);
INSERT INTO RATINGS VALUES(3,1,5,1);
INSERT INTO RATINGS VALUES(4,3,8,1);
INSERT INTO RATINGS VALUES(5,2,4,1);
CREATE TABLE users ( userid integer primary key autoincrement, username varchar(20) not null, password char(60) not null);
INSERT INTO users VALUES(1,'ralph','$2a$10$QyAZF9TZeO2eVC8msWHgVOkNJwgo2iP/xy4gY4Q5vkAnym4C1TOYy');
INSERT INTO users VALUES(2,'foobar','$2a$10$xsuG0fPpgsvSRoFHYM0PfODJx2pFc2HJYCkxFeVwc5cthJlE70dI6');
INSERT INTO users VALUES(3,'zazzles','$2a$10$lnsiD6jQuGzMj/GI9.WMfe1QI5PqO0Dst1Nk1P6hHKUVJyxVLhLtK');
INSERT INTO users VALUES(4,'jack','$2a$10$vTnQDuXs1dsXaeHcKYH1zuj7A82NPTm0f1AmUYldbN6x7uqT2IKZC');
INSERT INTO users VALUES(6,'fred','$2a$10$cAkDVhfj3SlFzwhJVaxG/.jzFA9nsmXeYOFF5EhrrXPpd6O3e1TfW');
INSERT INTO users VALUES(13,'harry','$2a$10$aWrMyE9B5sDGav/dG3H26.gz7aHVXpXsLc2QRNIhBa83NbRpNTHsu');
INSERT INTO users VALUES(14,'larry','$2a$10$5NqeEPsIHg.SfSoqO4rEL.mYpYnENcDW6TtrG2EALMXf3H/TF/5aC');
INSERT INTO users VALUES(15,'susan','$2a$10$jg2hJ.VaOoPY5t3go/XxZuTNJjQrCnLWzu4lCSLPfS/PIy.Am4Fw2');
DELETE FROM sqlite_sequence;
INSERT INTO sqlite_sequence VALUES('BLOCKS',497);
INSERT INTO sqlite_sequence VALUES('ROLES',2);
INSERT INTO sqlite_sequence VALUES('CATEGORIES',565);
INSERT INTO sqlite_sequence VALUES('BLOCKS_CATEGORIES',517);
INSERT INTO sqlite_sequence VALUES('REVISIONS',271);
INSERT INTO sqlite_sequence VALUES('RATINGS',5);
INSERT INTO sqlite_sequence VALUES('users',15);
COMMIT;
