PRAGMA foreign_keys=OFF;
BEGIN TRANSACTION;
CREATE TABLE USERS( USERID INTEGER PRIMARY KEY AUTOINCREMENT, USERNAME CHAR(50) NOT NULL, CREATED DATETIME NOT NULL, ROLEID INTEGER);
INSERT INTO "USERS" VALUES(1,'foobar','2021-04-28 02:00:13',NULL);
INSERT INTO "USERS" VALUES(2,'ralph','2021-04-28 02:00:33',NULL);
CREATE TABLE BLOCKS(BLOCKID INTEGER PRIMARY KEY AUTOINCREMENT, TITLE CHAR(50) NOT NULL, CREATED DATETIME NOT NULL, TYPE INTEGER NOT NULL);
INSERT INTO "BLOCKS" VALUES(1,'Root','2021-04-28 02:08:59',1);
INSERT INTO "BLOCKS" VALUES(2,'Child category','2021-04-28 02:09:22',0);
INSERT INTO "BLOCKS" VALUES(3,'Another Child category','2021-04-28 02:09:24',0);
CREATE TABLE ROLES(ROLEID INTEGER PRIMARY KEY AUTOINCREMENT, NAME VARCHAR(10) NOT NULL);
INSERT INTO "ROLES" VALUES(1,'USER');
INSERT INTO "ROLES" VALUES(2,'ADMIN');
CREATE TABLE CATEGORIES(CATEGORYID INTEGER PRIMARY KEY AUTOINCREMENT, CATEGORYTEXT VARCHAR(500) NOT NULL, PARENT INTEGER NOT NULL, CREATED DATETIME NOT NULL);
INSERT INTO "CATEGORIES" VALUES(1,'/',1,'2021-04-28 02:19:25');
INSERT INTO "CATEGORIES" VALUES(2,'/child',1,'2021-04-28 02:19:47');
INSERT INTO "CATEGORIES" VALUES(3,'/anotherchild',1,'2021-04-28 02:20:01');
CREATE TABLE BLOCKS_CATEGORIES (BCID INTEGER PRIMARY KEY AUTOINCREMENT, CATEGORYID INTEGER NOT NULL, BLOCKID INTEGER NOT NULL, FOREIGN KEY (BLOCKID) REFERENCES BLOCKS(BLOCKID) FOREIGN KEY (CATEGORYID) REFERENCES CATEGORIES(CATEGORYID));
INSERT INTO "BLOCKS_CATEGORIES" VALUES(1,1,1);
INSERT INTO "BLOCKS_CATEGORIES" VALUES(2,2,2);
INSERT INTO "BLOCKS_CATEGORIES" VALUES(3,3,3);
CREATE TABLE REVISIONS(REVISIONID INTEGER PRIMARY KEY AUTOINCREMENT, TEXT VARCHAR(1000), BLOCKID INTEGER NOT NULL, CREATED DATETIME NOT NULL, USERID INTEGER NOT NULL);
INSERT INTO "REVISIONS" VALUES(1,'This is the root',1,'2021-04-28 02:34:36',1);
INSERT INTO "REVISIONS" VALUES(2,'this is the child',2,'2021-04-28 02:34:36',1);
INSERT INTO "REVISIONS" VALUES(3,'another child',3,'2021-04-28 02:34:36',2);
CREATE TABLE RATINGS (RATINGID INTEGER PRIMARY KEY AUTOINCREMENT, ENTITYID INTEGER NOT NULL, RATING INTEGER NOT NULL, TYPE INTEGER);
INSERT INTO "RATINGS" VALUES(1,1,4,1);
INSERT INTO "RATINGS" VALUES(2,2,3,1);
INSERT INTO "RATINGS" VALUES(3,1,5,1);
DELETE FROM sqlite_sequence;
INSERT INTO "sqlite_sequence" VALUES('USERS',2);
INSERT INTO "sqlite_sequence" VALUES('BLOCKS',3);
INSERT INTO "sqlite_sequence" VALUES('ROLES',2);
INSERT INTO "sqlite_sequence" VALUES('CATEGORIES',3);
INSERT INTO "sqlite_sequence" VALUES('BLOCKS_CATEGORIES',3);
INSERT INTO "sqlite_sequence" VALUES('REVISIONS',3);
INSERT INTO "sqlite_sequence" VALUES('RATINGS',3);
COMMIT;
